patient_id,glucose,cholesterol,crp,esr,miRNA_1,miRNA_2,miRNA_3,miRNA_4,miRNA_5,miRNA_6,miRNA_7,miRNA_8,miRNA_9,miRNA_10,miRNA_11,miRNA_12,miRNA_13,miRNA_14,miRNA_15,miRNA_16,miRNA_17,miRNA_18,miRNA_19,miRNA_20,miRNA_21,miRNA_22,miRNA_23,miRNA_24,miRNA_25,miRNA_26,miRNA_27,miRNA_28,miRNA_29,miRNA_30,miRNA_31,miRNA_32,miRNA_33,miRNA_34,miRNA_35,miRNA_36,miRNA_37,miRNA_38,miRNA_39,miRNA_40,miRNA_41,miRNA_42,miRNA_43,miRNA_44,miRNA_45,miRNA_46,miRNA_47,miRNA_48,miRNA_49,miRNA_50,label
P01,77,227,5.8,8,1.93,1.32,1.21,1.25,1.29,0.48,1.68,1.39,1.5,0.8,1.31,0.27,1.94,0.37,1.02,1.01,1.75,1.32,0.95,1.32,0.52,0.19,0.74,0.19,0.41,1.54,0.08,1.32,0.68,1.66,1.37,0.19,0.11,0.69,1.68,0.57,0.78,0.86,1.93,1.57,1.11,0.7,1.05,1.49,1.47,1.02,1.15,1.77,0.91,1.05,0
P02,86,229,8.4,7,1.65,1.8,0.51,1.05,0.17,0.8,1.41,0.27,0.78,0.47,0.25,0.86,1.29,1.81,1.11,1.89,0.9,0.44,0.67,1.74,0.78,0.48,0.8,0.1,1.79,1.07,0.82,1.68,0.78,1.38,0.74,1.45,1.58,0.81,1.64,1.68,1.01,0.85,1.43,1.84,0.07,1.72,0.2,0.16,1.17,1.68,1.4,1.53,1.73,0.94,0
P03,118,191,8.1,7,0.19,0.1,1.33,1.27,0.38,1.74,0.8,0.56,0.45,0.58,0.89,1.1,0.63,0.91,1.69,0.51,1.66,0.05,1.98,1.67,1.5,0.66,0.8,1.4,1.14,0.96,1.37,0.54,1.49,1.41,1.71,0.98,0.29,1.0,1.5,0.62,1.91,0.28,0.29,0.6,1.27,1.21,0.76,0.87,0.48,2.0,1.12,1.61,0.17,0.51,0
P04,115,230,2.8,8,1.93,0.8,1.4,0.5,1.08,1.86,0.16,0.71,1.46,1.83,0.66,1.27,1.64,0.15,0.39,1.03,0.96,0.64,0.79,0.07,1.98,1.58,1.71,1.92,1.34,1.17,1.42,1.73,1.38,2.0,0.53,1.37,1.52,0.17,0.97,1.56,1.07,1.58,1.95,1.62,0.7,0.32,1.14,1.65,0.26,0.67,1.9,1.82,1.91,0.78,0
P05,88,209,3.7,19,1.46,1.26,1.81,1.6,0.61,1.72,0.87,1.4,0.24,1.05,0.73,1.73,1.32,0.96,0.49,1.63,1.03,0.27,0.65,0.08,1.1,1.3,1.39,1.46,1.23,1.46,1.6,1.31,1.3,0.16,1.87,0.66,1.63,0.65,0.2,1.24,0.3,1.65,1.08,1.89,1.07,1.93,1.0,0.83,1.89,0.84,0.08,0.05,1.04,0.22,0
P06,110,166,5.1,28,0.67,1.52,0.26,1.44,0.47,1.82,1.14,1.28,1.63,0.84,1.03,1.99,0.34,1.02,0.65,0.93,1.49,1.28,1.43,0.69,0.84,1.69,0.89,0.64,1.26,0.64,0.72,0.05,1.79,0.15,1.19,0.98,1.07,1.75,1.63,1.51,0.05,0.62,0.75,1.29,0.18,1.52,0.95,1.32,0.99,0.7,0.96,0.12,1.33,1.97,1
P07,74,149,8.5,7,1.41,1.28,0.45,1.22,0.97,0.73,1.48,0.91,0.61,1.06,0.2,1.53,1.44,1.04,0.37,0.83,0.95,0.87,0.1,0.45,1.35,0.73,1.19,0.17,1.0,0.41,1.03,0.31,0.05,1.44,0.64,0.92,1.55,0.43,0.5,1.0,1.92,0.47,1.87,1.57,0.54,1.74,1.04,0.59,1.95,0.44,0.65,0.16,1.21,1.04,0
P08,79,160,3.4,20,1.38,1.46,0.63,0.98,0.7,1.2,0.8,0.61,0.87,1.4,0.3,0.67,0.18,1.31,1.2,1.52,0.4,0.95,0.02,1.03,0.03,1.62,0.93,0.06,0.27,0.49,1.83,1.18,1.02,0.64,1.89,0.88,1.41,1.49,0.49,0.49,1.47,0.64,1.9,0.55,0.06,0.66,1.4,0.76,0.62,1.42,1.09,1.03,0.41,1.12,0
P09,90,228,9.9,9,0.53,1.86,0.75,0.19,0.02,0.88,1.38,0.97,0.81,1.54,1.09,0.86,1.06,0.91,1.91,0.25,1.93,0.14,0.02,1.7,1.49,0.72,1.96,1.19,0.46,1.28,1.07,1.27,1.71,1.78,1.27,1.91,0.91,0.2,0.02,1.68,0.8,0.82,0.65,1.04,0.03,1.85,1.69,1.15,0.42,0.02,0.37,0.09,0.3,1.07,1
P10,74,165,6.0,23,0.47,1.96,0.16,0.24,0.84,1.28,1.83,0.91,1.77,0.29,1.24,0.4,1.73,1.08,0.29,1.62,1.8,1.05,1.27,0.81,0.45,0.75,0.4,0.27,1.58,0.02,0.97,1.8,1.91,0.65,1.17,0.38,0.89,0.66,1.84,1.19,1.15,0.68,1.12,1.55,1.12,0.77,1.76,1.12,0.61,0.43,0.81,1.98,1.41,1.89,1
P11,99,128,1.8,11,0.45,1.54,1.05,0.66,1.7,1.42,1.09,0.44,0.97,0.88,0.22,1.09,1.97,1.68,1.97,0.67,1.57,0.27,0.23,1.84,1.94,1.64,0.62,1.0,0.11,1.75,1.71,0.21,1.76,1.3,0.33,1.71,1.33,0.28,1.48,0.39,0.85,1.63,1.46,2.0,0.67,1.23,1.3,0.58,1.07,1.95,0.97,1.08,1.34,0.75,1
P12,76,202,3.0,5,1.14,0.76,1.68,0.33,1.19,1.53,1.76,0.78,1.02,0.7,0.69,1.41,1.82,1.88,1.0,0.8,0.21,0.6,1.65,1.36,0.01,0.59,0.68,1.37,1.97,0.14,1.7,1.28,1.17,1.1,1.5,0.11,1.25,0.08,0.68,1.07,0.62,1.61,1.19,1.27,1.18,1.37,0.34,0.46,0.16,1.39,0.97,0.25,0.22,0.5,1
P13,82,221,3.8,10,1.48,0.28,0.24,0.49,0.31,0.52,1.23,1.94,1.87,0.5,0.67,1.28,0.99,1.72,1.07,1.54,1.28,1.99,0.3,1.99,1.29,0.27,1.95,1.53,0.34,0.96,1.37,0.22,0.94,0.75,1.05,1.93,1.57,0.87,1.14,1.95,0.46,0.6,1.03,1.73,0.42,0.85,0.49,0.63,1.23,0.83,0.75,1.42,0.25,1.74,0
P14,113,140,6.8,15,1.86,0.12,1.0,1.73,0.43,1.04,0.26,1.03,0.11,1.63,0.79,1.33,0.47,1.33,0.54,1.73,1.87,1.28,0.59,1.06,1.87,0.79,1.85,1.77,1.71,0.87,0.34,0.9,0.34,0.6,0.81,0.65,0.78,1.64,0.84,0.78,1.45,1.43,1.02,0.66,1.61,1.12,0.61,0.08,0.94,1.98,1.09,0.14,0.1,0.58,1
P15,117,214,0.6,21,0.93,1.03,1.47,0.76,0.93,1.29,0.06,1.24,1.66,1.61,1.13,0.36,1.5,1.42,0.16,0.59,1.65,1.93,1.95,1.15,1.87,1.52,0.48,0.68,1.15,1.12,0.42,0.07,0.09,0.77,1.19,1.61,1.9,1.93,1.8,0.16,0.41,1.98,0.54,0.49,1.08,1.19,0.15,0.39,1.65,1.77,0.03,1.09,0.3,1.28,1
P16,88,168,9.3,22,0.98,1.13,0.65,1.53,1.53,1.87,0.55,1.4,0.06,1.04,1.42,0.83,0.34,1.94,0.3,0.79,1.11,0.48,0.35,0.47,0.48,0.76,0.32,1.3,1.87,0.55,1.05,0.61,1.93,0.83,1.7,1.43,0.71,1.29,1.02,1.23,1.76,0.98,1.55,1.27,0.27,0.44,0.69,0.62,1.94,1.49,1.34,0.98,0.04,1.34,1
P17,95,176,2.6,7,0.37,1.9,1.94,0.61,1.82,0.69,0.6,1.63,0.76,1.72,1.58,1.43,1.3,1.6,0.54,1.78,0.43,0.27,0.33,1.74,0.26,1.55,1.18,0.74,0.2,0.03,1.46,0.22,1.64,0.37,1.55,1.4,0.32,1.83,0.69,1.31,0.05,0.07,0.67,0.98,0.73,0.21,1.07,0.68,0.92,0.02,0.8,0.84,1.67,0.88,1
P18,70,152,6.0,24,1.64,1.04,0.79,0.62,0.24,0.26,1.54,0.68,1.02,1.59,0.96,0.8,1.84,0.92,0.34,0.76,1.3,0.95,1.7,0.92,1.68,1.94,0.0,1.4,1.61,0.98,0.84,1.29,1.03,0.71,0.99,1.58,0.46,1.59,0.17,1.48,1.6,1.7,1.57,1.96,0.85,0.51,0.82,0.62,1.67,1.0,1.96,1.94,1.27,0.89,1
P19,85,232,9.2,8,1.38,0.14,0.06,1.89,1.3,0.89,1.78,0.56,1.33,1.41,0.45,0.64,0.38,1.35,0.23,1.54,1.8,1.5,1.36,1.2,1.75,0.75,0.73,0.28,0.41,1.32,1.0,0.52,0.11,1.56,0.07,0.27,1.0,0.4,1.49,0.78,0.08,0.91,0.68,1.78,1.72,0.76,0.37,1.7,0.77,0.31,1.01,1.07,0.44,0.36,1
P20,82,129,4.6,22,0.71,1.64,1.83,0.56,1.3,0.25,0.91,0.41,0.54,0.73,1.42,1.77,1.78,1.63,1.91,0.11,0.21,0.2,0.78,0.23,1.96,1.5,1.67,1.04,1.46,0.87,1.7,1.19,0.09,0.43,0.9,1.18,0.49,0.47,0.75,0.06,1.49,0.08,0.86,0.81,0.12,0.13,1.95,0.77,0.14,0.84,1.24,0.4,1.09,0.52,0
P21,106,186,0.7,16,0.19,1.13,0.88,0.79,0.79,1.98,1.11,1.04,0.6,1.47,0.19,1.35,1.67,1.76,1.92,1.71,0.01,1.15,1.1,0.26,1.27,0.66,0.95,0.93,0.64,0.22,1.98,0.28,0.36,0.91,1.78,0.69,0.79,0.04,0.42,1.53,1.34,0.59,0.41,0.45,1.58,0.18,1.97,0.56,1.47,0.47,1.06,1.22,0.38,0.85,0
P22,80,170,4.2,6,1.58,0.2,0.23,0.45,0.58,1.14,1.0,1.06,1.94,0.12,0.12,1.91,1.31,0.68,0.64,0.07,0.33,0.56,1.78,0.97,1.36,1.79,0.27,1.12,0.07,0.09,0.51,0.16,0.93,1.4,1.07,1.13,0.55,1.4,0.53,1.68,0.29,1.65,0.41,0.44,0.53,1.62,1.78,0.09,1.49,0.76,0.19,0.72,1.4,0.89,1
P23,85,153,6.6,16,1.65,0.59,0.59,0.44,1.5,1.23,0.12,1.06,0.11,0.08,1.65,1.76,1.25,1.38,1.6,0.64,1.97,0.74,1.09,1.94,1.84,1.73,0.83,0.34,1.12,1.5,1.69,0.58,0.7,0.66,1.16,1.1,0.29,1.52,0.37,0.98,1.27,1.08,0.73,1.25,0.45,0.78,1.42,0.65,0.0,1.76,0.31,0.86,1.52,0.79,1
P24,70,199,8.4,10,0.75,0.84,1.5,1.13,1.23,1.22,0.99,1.94,1.59,0.29,0.74,1.18,1.93,1.54,1.01,1.9,1.72,0.69,0.13,1.75,0.68,1.52,0.52,0.58,0.63,1.14,1.57,1.1,1.38,0.13,0.73,1.23,0.53,0.39,0.78,1.82,1.14,1.43,0.42,1.93,0.43,0.83,0.14,1.22,0.43,0.01,0.73,1.4,0.17,1.87,1
P25,90,186,3.4,18,0.77,0.28,0.25,0.03,1.56,0.55,0.55,1.71,1.48,1.58,0.85,0.31,1.73,1.33,0.66,1.5,0.28,1.89,0.99,1.32,0.45,0.06,0.09,1.55,1.79,0.95,1.67,0.71,0.53,0.41,1.56,0.92,1.77,1.21,0.27,0.41,1.88,1.42,0.68,1.4,1.08,0.42,1.74,0.25,1.66,1.09,1.39,0.73,0.17,1.1,0
P26,77,201,7.8,23,1.2,0.07,1.12,0.85,0.01,1.48,0.5,1.04,1.26,1.8,1.44,1.16,0.43,0.66,1.88,0.54,1.34,0.89,1.35,0.18,1.69,1.72,0.56,0.34,1.75,0.84,0.84,0.13,1.6,1.15,0.64,1.87,1.22,1.9,1.8,0.6,0.76,1.83,0.02,1.76,0.43,1.98,0.28,0.41,1.7,0.6,0.44,0.9,1.94,0.85,1
P27,103,121,6.5,19,0.73,0.63,1.31,0.91,0.77,1.4,0.61,0.2,0.61,1.16,1.24,0.74,0.23,1.12,0.15,0.66,0.46,0.64,1.83,0.82,0.17,0.1,1.35,1.49,0.4,1.63,1.36,1.54,0.49,1.9,1.56,1.93,0.14,1.47,0.9,0.64,0.14,1.4,0.46,0.56,0.5,1.59,1.36,1.33,1.83,1.61,0.73,0.47,1.03,0.48,1
P28,87,228,2.7,14,1.61,1.76,0.2,0.23,1.39,0.18,1.98,0.16,0.9,0.32,1.85,1.69,1.98,1.92,0.8,0.02,0.31,0.55,1.84,0.16,0.44,0.57,1.4,1.22,1.15,1.8,1.17,1.73,0.58,1.07,1.53,1.33,0.08,1.28,1.9,1.95,0.86,1.46,1.22,0.48,1.19,1.99,1.27,1.45,0.03,1.03,1.97,1.6,0.52,1.33,0
P29,111,242,6.0,29,1.24,1.42,0.47,1.89,0.69,0.24,1.06,0.71,0.7,1.67,1.68,0.97,1.81,1.91,0.99,0.42,0.43,1.22,0.38,1.81,1.92,0.82,1.38,1.15,1.06,0.55,1.42,1.88,1.84,1.28,1.46,0.94,0.89,1.3,0.76,1.6,0.71,1.81,0.01,0.04,1.21,1.37,0.65,0.87,0.92,1.46,0.35,1.51,1.45,1.62,1
P30,95,173,3.9,29,0.23,0.94,1.2,1.1,1.17,1.17,1.37,0.06,0.89,1.65,0.57,0.2,0.23,0.37,0.01,0.36,1.0,1.17,1.29,0.4,0.7,0.0,1.74,1.47,1.36,1.85,0.88,1.29,0.15,0.41,1.47,0.63,0.6,1.05,0.39,1.32,1.45,1.89,1.47,0.12,1.78,0.29,1.93,0.36,1.78,0.78,0.72,0.31,1.79,0.96,0
